Hotel Name,Description,Amenities,Location,Reviews
Hotel 1,Ideal for romantic getaways or family vacations.,Room Service,Manhattan,Amazing views from the balcony.
Hotel 2,Ideal for romantic getaways or family vacations.,Swimming Pool,Chi-Town,Excellent service and friendly staff.
Hotel 3,A peaceful retreat in the bustling city.,Beach Access,Seattle,Rooms are spacious and well-maintained.
Hotel 4,"Located in the heart of the city, close to major attractions.",Beach Access,San Diego,"The hotel is pet-friendly, which was a bonus."
Hotel 5,A boutique hotel with a personal touch.,"Spa, Free Wi-Fi, Beach Access, Business Center, Restaurant, Free Parking",Portland,"The hotel is pet-friendly, which was a bonus."
Hotel 6,Ideal for romantic getaways or family vacations.,Business Center,Austin,Would definitely stay here again!
Hotel 7,A peaceful retreat in the bustling city.,"Gym, Restaurant, Room Service, Free Wi-Fi, Pet Friendly, Beach Access",New York City,"The hotel is pet-friendly, which was a bonus."
Hotel 8,Affordable rates with premium amenities.,Business Center,Denver,Would definitely stay here again!
Hotel 9,Experience unparalleled comfort and convenience.,"Free Wi-Fi, Airport Shuttle, Pet Friendly, Free Parking, Restaurant, Business Center",Denver,"The hotel is pet-friendly, which was a bonus."
Hotel 10,"Located in the heart of the city, close to major attractions.","Beach Access, Free Parking, Gym",Chicago Metro,Amazing views from the balcony.
Hotel 11,Affordable rates with premium amenities.,Restaurant,Orlando,Loved the pool and gym facilities.
Hotel 12,Affordable rates with premium amenities.,Airport Shuttle,Denver,Loved the pool and gym facilities.
Hotel 13,Designed for modern travelers seeking luxury.,Free Parking,Dallas,Rooms are spacious and well-maintained.
Hotel 14,"Located in the heart of the city, close to major attractions.",Bar,Downtown Miami,Breakfast was delicious and had many options.
Hotel 15,A peaceful retreat in the bustling city.,"Laundry Service, Beach Access, Free Wi-Fi, Gym, Room Service",Downtown Miami,"The hotel is pet-friendly, which was a bonus."
Hotel 16,"Located in the heart of the city, close to major attractions.",Spa,Silicon Valley,"The hotel is pet-friendly, which was a bonus."
Hotel 17,A luxurious stay with stunning city views.,"Restaurant, Business Center, Airport Shuttle, Pet Friendly",San Diego,Rooms are spacious and well-maintained.
Hotel 18,Perfect for business travelers and families.,Business Center,Las Vegas,Great location with easy access to attractions.
Hotel 19,Ideal for romantic getaways or family vacations.,"Swimming Pool, Business Center, Airport Shuttle",Silicon Valley,Great location with easy access to attractions.
Hotel 20,A boutique hotel with a personal touch.,Free Wi-Fi,Houston,"The hotel is pet-friendly, which was a bonus."
Hotel 21,Affordable rates with premium amenities.,"Bar, Beach Access, Free Parking, Laundry Service, Pet Friendly, Free Wi-Fi",Las Vegas,Great location with easy access to attractions.
Hotel 22,Perfect for business travelers and families.,Airport Shuttle,Silicon Valley,Great location with easy access to attractions.
Hotel 23,"Located in the heart of the city, close to major attractions.","Beach Access, Bar, Spa, Swimming Pool",Austin,The staff went above and beyond to make our stay enjoyable.
Hotel 24,A peaceful retreat in the bustling city.,"Beach Access, Free Parking, Restaurant, Bar, Laundry Service, Room Service",SF Bay,The staff went above and beyond to make our stay enjoyable.
Hotel 25,Perfect for business travelers and families.,"Free Wi-Fi, Business Center, Room Service, Restaurant, Swimming Pool, Laundry Service",Windy City,Would definitely stay here again!
Hotel 26,Perfect for business travelers and families.,"Spa, Laundry Service, Bar, Pet Friendly, Beach Access",Denver,Excellent service and friendly staff.
Hotel 27,A boutique hotel with a personal touch.,Pet Friendly,San Jose,Amazing views from the balcony.
Hotel 28,Experience unparalleled comfort and convenience.,Restaurant,Las Vegas,Amazing views from the balcony.
Hotel 29,A boutique hotel with a personal touch.,"Free Parking, Laundry Service, Free Wi-Fi, Beach Access",San Jose,"The hotel is pet-friendly, which was a bonus."
Hotel 30,Perfect for business travelers and families.,"Airport Shuttle, Laundry Service, Business Center, Restaurant, Pet Friendly, Swimming Pool",Boston,Loved the pool and gym facilities.
Hotel 31,Experience unparalleled comfort and convenience.,"Swimming Pool, Pet Friendly, Bar, Gym, Restaurant",Orlando,Rooms are spacious and well-maintained.
Hotel 32,A luxurious stay with stunning city views.,"Spa, Restaurant, Swimming Pool",Dallas,The rooms were clean and comfortable.
Hotel 33,"Located in the heart of the city, close to major attractions.","Beach Access, Pet Friendly, Room Service, Spa, Free Wi-Fi, Swimming Pool",Nashville,Loved the pool and gym facilities.
Hotel 34,Experience unparalleled comfort and convenience.,"Beach Access, Spa, Business Center, Pet Friendly, Laundry Service, Swimming Pool",Chi-Town,Great location with easy access to attractions.
Hotel 35,A luxurious stay with stunning city views.,"Pet Friendly, Beach Access, Laundry Service",SF,Would definitely stay here again!
Hotel 36,"Located in the heart of the city, close to major attractions.",Business Center,Dallas,Amazing views from the balcony.
Hotel 37,A peaceful retreat in the bustling city.,"Restaurant, Beach Access, Gym, Business Center, Room Service",Houston,"The hotel is pet-friendly, which was a bonus."
Hotel 38,Ideal for romantic getaways or family vacations.,Business Center,San Jose,Would definitely stay here again!
Hotel 39,Ideal for romantic getaways or family vacations.,"Spa, Restaurant, Bar, Free Parking, Business Center, Pet Friendly",Seattle,Amazing views from the balcony.
Hotel 40,A peaceful retreat in the bustling city.,"Free Wi-Fi, Room Service, Restaurant, Bar, Swimming Pool, Airport Shuttle",Dallas,The rooms were clean and comfortable.
Hotel 41,Enjoy spacious rooms and top-notch service.,Swimming Pool,Seattle,Great location with easy access to attractions.
Hotel 42,Affordable rates with premium amenities.,"Beach Access, Spa, Laundry Service, Room Service, Pet Friendly, Airport Shuttle",Silicon Valley,Great location with easy access to attractions.
Hotel 43,A boutique hotel with a personal touch.,Business Center,Silicon Valley,"The hotel is pet-friendly, which was a bonus."
Hotel 44,Enjoy spacious rooms and top-notch service.,"Spa, Bar, Free Parking, Airport Shuttle, Pet Friendly, Gym",Seattle,Amazing views from the balcony.
Hotel 45,Designed for modern travelers seeking luxury.,Airport Shuttle,Seattle,Would definitely stay here again!
Hotel 46,Affordable rates with premium amenities.,"Spa, Airport Shuttle, Free Wi-Fi, Room Service",Phoenix,The rooms were clean and comfortable.
Hotel 47,Designed for modern travelers seeking luxury.,"Free Wi-Fi, Restaurant, Pet Friendly, Gym, Room Service",Manhattan,Rooms are spacious and well-maintained.
Hotel 48,A peaceful retreat in the bustling city.,Restaurant,Dallas,The rooms were clean and comfortable.
Hotel 49,A boutique hotel with a personal touch.,Restaurant,Orlando,Would definitely stay here again!
Hotel 50,"Located in the heart of the city, close to major attractions.",Free Wi-Fi,San Diego,The rooms were clean and comfortable.
